south,north,east,west
49.62048522,49.71757176,19.100640149999997,19.404702250000003
